transform,frequency,ranking
CO[*:1]>>C[*:1],1635,1
C[*:1]>>CO[*:1],1635,2
F[*:1]>>CO[*:1],1420,3
CO[*:1]>>F[*:1],1420,4
C[*:1]>>F[*:1],1392,5
F[*:1]>>C[*:1],1392,6
C(O[*:1])[*:2]>>O([*:2])[*:1],1030,7
O([*:1])[*:2]>>C(O[*:2])[*:1],1030,8
[C@@H]([*:1])([*:2])[*:3]>>[C@H]([*:1])([*:2])[*:3],710,9
[C@H]([*:1])([*:2])[*:3]>>[C@@H]([*:1])([*:2])[*:3],710,10
O=C(NC[*:1])[*:2]>>O=C(N[*:1])[*:2],684,11
O=C(N[*:1])[*:2]>>O=C(NC[*:1])[*:2],684,12
c1cc([*:1])ccc1[*:2]>>c1cc([*:1])ccc1O[*:2],659,13
c1cc([*:1])ccc1O[*:2]>>c1cc([*:1])ccc1[*:2],659,14
c1cc([*:1])c([*:2])cc1[*:3]>>c1cc([*:3])c([*:2])cc1[*:1],656,15
c1cc([*:1])c([*:2])cc1[*:3]>>c1cc([*:2])c([*:1])cc1[*:3],640,16
F[*:1]>>FC(F)(F)[*:1],585,17
FC(F)(F)[*:1]>>F[*:1],585,18
C([C@H]([*:1])[*:2])[*:3]>>C([C@@H]([*:1])[*:2])[*:3],561,19
C([C@@H]([*:1])[*:2])[*:3]>>C([C@H]([*:1])[*:2])[*:3],561,20
O=C(N[*:1])[*:2]>>O=C(C[*:2])N[*:1],513,21
O=C(C[*:1])N[*:2]>>O=C(N[*:2])[*:1],513,22
C([*:1])[*:2]>>O([*:1])[*:2],496,23
O([*:1])[*:2]>>C([*:1])[*:2],496,24
FC(F)(F)[*:1]>>CO[*:1],492,25
CO[*:1]>>FC(F)(F)[*:1],492,26
O=[N+]([O-])[*:1]>>CO[*:1],465,27
CO[*:1]>>O=[N+]([O-])[*:1],465,28
C[*:1]>>O[*:1],462,29
O[*:1]>>C[*:1],462,30
C(N[*:1])[*:2]>>N([*:2])[*:1],434,31
N([*:1])[*:2]>>C(N[*:2])[*:1],434,32
F[*:1]>>O[*:1],433,33
O[*:1]>>F[*:1],433,34
O[*:1]>>N[*:1],429,35
N[*:1]>>O[*:1],429,36
C[*:1]>>O=[N+]([O-])[*:1],401,37
O=[N+]([O-])[*:1]>>C[*:1],401,38
F[*:1]>>O=[N+]([O-])[*:1],398,39
O=[N+]([O-])[*:1]>>F[*:1],398,40
C[*:1]>>N#C[*:1],331,41
N#C[*:1]>>C[*:1],331,42
F[*:1]>>N#C[*:1],331,43
N#C[*:1]>>F[*:1],331,44
CN([*:1])[*:2]>>N([*:1])[*:2],321,45
N([*:1])[*:2]>>CN([*:1])[*:2],321,46
C(C[*:1])O[*:2]>>O([*:1])[*:2],318,47
O([*:1])[*:2]>>C(C[*:1])O[*:2],318,48
C[C@H]([*:1])[*:2]>>C[C@@H]([*:1])[*:2],308,49
C[C@@H]([*:1])[*:2]>>C[C@H]([*:1])[*:2],308,50
O=C(N[*:1])[*:2]>>O=C(N[*:2])[*:1],308,51
CO[*:1]>>N#C[*:1],296,52
N#C[*:1]>>CO[*:1],296,53
O([*:1])[*:2]>>S([*:1])[*:2],292,54
S([*:1])[*:2]>>O([*:1])[*:2],292,55
O([*:1])[*:2]>>CN([*:1])[*:2],291,56
CN([*:1])[*:2]>>O([*:1])[*:2],291,57
O([*:1])[*:2]>>N([*:1])[*:2],288,58
N([*:1])[*:2]>>O([*:1])[*:2],288,59
CC(=O)O[*:1]>>O[*:1],279,60
O[*:1]>>CC(=O)O[*:1],279,61
C[*:1]>>[*:1][H],277,62
[*:1][H]>>C[*:1],277,63
O=C(OC[*:1])[*:2]>>O=C(O[*:1])[*:2],275,64
O=C(O[*:1])[*:2]>>O=C(OC[*:1])[*:2],275,65
CN(C(=O)[*:1])[*:2]>>O=C(N[*:2])[*:1],268,66
O=C(N[*:1])[*:2]>>CN(C(=O)[*:2])[*:1],268,67
C[*:1]>>N[*:1],266,68
N[*:1]>>C[*:1],266,69
CO[*:1]>>N[*:1],261,70
N[*:1]>>CO[*:1],261,71
CC[*:1]>>CO[*:1],256,72
CO[*:1]>>CC[*:1],256,73
CN(C)[*:1]>>CO[*:1],255,74
CO[*:1]>>CN(C)[*:1],255,75
C(O[*:1])[*:2]>>C([*:2])[*:1],249,76
C([*:1])[*:2]>>C(O[*:2])[*:1],249,77
c1cc([*:1])c([*:2])cc1[*:3]>>c1cc([*:1])c([*:3])cc1[*:2],236,78
[C@@H]([*:1])([*:2])[*:3]>>C([*:1])([*:2])[*:3],236,79
C[*:1]>>CCO[*:1],236,80
CCO[*:1]>>C[*:1],236,81
C([*:1])([*:2])[*:3]>>[C@@H]([*:1])([*:2])[*:3],236,82
C([*:1])[*:2]>>C(C[*:2])O[*:1],231,83
C(C[*:1])O[*:2]>>C([*:2])[*:1],231,84
c1cc([*:1])c([*:2])cc1[*:3]>>c1cc([*:3])c([*:1])cc1[*:2],226,85
c1cc([*:1])c([*:2])cc1[*:3]>>c1cc([*:2])c([*:3])cc1[*:1],226,86
C1CN([*:1])CCO1>>C1CCN([*:1])CC1,223,87
C1CCN([*:1])CC1>>C1CN([*:1])CCO1,223,88
C(O[*:1])[*:2]>>C([*:1])[*:2],220,89
C([*:1])[*:2]>>C(O[*:1])[*:2],220,90
NC(=O)[*:1]>>O=C(O)[*:1],216,91
O=C(O)[*:1]>>NC(=O)[*:1],216,92
CC(=O)N[*:1]>>N[*:1],213,93
N[*:1]>>CC(=O)N[*:1],213,94
O=[N+]([O-])[*:1]>>N[*:1],210,95
N[*:1]>>O=[N+]([O-])[*:1],210,96
c1cc([*:1])ccc1[*:2]>>c1cc(O[*:2])cc([*:1])c1,206,97
c1cc(O[*:1])cc([*:2])c1>>c1cc([*:2])ccc1[*:1],206,98
C1CN([*:1])CCO1>>C1CCN([*:1])C1,205,99
C1CCN([*:1])C1>>C1CN([*:1])CCO1,205,100
c1cc([*:1])ccc1O[*:2]>>c1cc([*:1])ccc1OC[*:2],204,101
c1cc([*:1])ccc1OC[*:2]>>c1cc([*:1])ccc1O[*:2],204,102
O=C(O)[*:1]>>O=C(O)C[*:1],203,103
O=C(O)C[*:1]>>O=C(O)[*:1],203,104
FC(F)(F)[*:1]>>N#C[*:1],203,105
N#C[*:1]>>FC(F)(F)[*:1],203,106
O=C(N[*:1])[*:2]>>O=C(NCC[*:1])[*:2],202,107
O=C(NCC[*:1])[*:2]>>O=C(N[*:1])[*:2],202,108
C(N[*:1])[*:2]>>CN(C[*:2])[*:1],201,109
C[*:1]>>O=C(O)[*:1],201,110
O=C(O)[*:1]>>C[*:1],201,111
CN(C[*:1])[*:2]>>C(N[*:2])[*:1],201,112
O[*:1]>>O=[N+]([O-])[*:1],198,113
O=[N+]([O-])[*:1]>>O[*:1],198,114
CN(C)[*:1]>>N[*:1],197,115
N[*:1]>>CN(C)[*:1],197,116
C(C([*:1])[*:2])[*:3]>>C([C@@H]([*:1])[*:2])[*:3],196,117
O=C(O[*:1])[*:2]>>O=C(N[*:1])[*:2],196,118
C([C@@H]([*:1])[*:2])[*:3]>>C(C([*:1])[*:2])[*:3],196,119
O=C(N[*:1])[*:2]>>O=C(O[*:1])[*:2],196,120
C(O[*:1])[*:2]>>O([*:1])[*:2],195,121
O([*:1])[*:2]>>C(O[*:1])[*:2],195,122
FC(F)(F)[*:1]>>O=[N+]([O-])[*:1],194,123
O=[N+]([O-])[*:1]>>FC(F)(F)[*:1],194,124
O=S(=O)(N[*:1])[*:2]>>O=C(N[*:1])[*:2],191,125
O=C(N[*:1])[*:2]>>O=S(=O)(N[*:1])[*:2],191,126
C1CCN([*:1])C1>>C1CCN([*:1])CC1,191,127
C1CCN([*:1])CC1>>C1CCN([*:1])C1,191,128
O=C(C[*:1])N[*:2]>>O=C(C[*:1])NC[*:2],189,129
O=C(C[*:1])NC[*:2]>>O=C(C[*:1])N[*:2],189,130
N([*:1])[*:2]>>C(C[*:1])N[*:2],189,131
C(C[*:1])N[*:2]>>N([*:1])[*:2],189,132
C(C[*:1])[*:2]>>C(O[*:2])[*:1],188,133
C(O[*:1])[*:2]>>C(C[*:2])[*:1],188,134
O=C(O)[*:1]>>OC[*:1],187,135
OC[*:1]>>O=C(O)[*:1],187,136
O[*:1]>>CN(C)[*:1],187,137
c1ccc([*:1])cc1>>CO[*:1],187,138
CN(C)[*:1]>>O[*:1],187,139
CO[*:1]>>c1ccc([*:1])cc1,187,140
c1cc([*:1])cc([*:2])c1>>c1cc([*:2])ccc1O[*:1],184,141
OC[*:1]>>O[*:1],184,142
O[*:1]>>OC[*:1],184,143
c1cc([*:1])ccc1O[*:2]>>c1cc([*:2])cc([*:1])c1,184,144
CN1CCN([*:1])CC1>>C1CN([*:1])CCO1,182,145
C1CN([*:1])CCO1>>CN1CCN([*:1])CC1,182,146
C(N[*:1])[*:2]>>O=C(N[*:1])[*:2],182,147
O=C(N[*:1])[*:2]>>C(N[*:1])[*:2],182,148
C([*:1])([*:2])[*:3]>>[C@H]([*:1])([*:2])[*:3],182,149
c1ccc([*:1])c(O[*:2])c1>>c1cc([*:1])ccc1[*:2],182,150
c1cc([*:1])ccc1[*:2]>>c1ccc([*:1])c(O[*:2])c1,182,151
[C@H]([*:1])([*:2])[*:3]>>C([*:1])([*:2])[*:3],182,152
C([C@H]([*:1])[*:2])[*:3]>>C(C([*:1])[*:2])[*:3],179,153
O=S(=O)([*:1])[*:2]>>S([*:1])[*:2],179,154
C(C([*:1])[*:2])[*:3]>>C([C@H]([*:1])[*:2])[*:3],179,155
O[*:1]>>O=C(O)[*:1],179,156
O=C(O)[*:1]>>O[*:1],179,157
S([*:1])[*:2]>>O=S(=O)([*:1])[*:2],179,158
C(N(C[*:1])[*:2])[*:3]>>N([*:3])([*:1])[*:2],179,159
N([*:1])([*:2])[*:3]>>C(N(C[*:2])[*:3])[*:1],179,160
c1ccc([*:1])c([*:2])c1>>c1cc([*:1])ccc1O[*:2],176,161
c1cc([*:1])ccc1O[*:2]>>c1ccc([*:1])c([*:2])c1,176,162
O=C(N[*:1])[*:2]>>O=C(CC[*:2])N[*:1],174,163
O=C(CC[*:1])N[*:2]>>O=C(N[*:2])[*:1],174,164
C[*:1]>>CN(C)[*:1],172,165
CN(C)[*:1]>>C[*:1],172,166
N#C[*:1]>>O=[N+]([O-])[*:1],169,167
O=[N+]([O-])[*:1]>>N#C[*:1],169,168
C(N[*:1])[*:2]>>C(O[*:1])[*:2],165,169
C(O[*:1])[*:2]>>C(N[*:1])[*:2],165,170
C(CO[*:1])C[*:2]>>O([*:2])[*:1],164,171
O([*:1])[*:2]>>C(CO[*:2])C[*:1],164,172
N([*:1])([*:2])[*:3]>>C(N([*:1])[*:2])[*:3],164,173
C(N([*:1])[*:2])[*:3]>>N([*:1])([*:2])[*:3],164,174
N#C[*:1]>>NC(=O)[*:1],163,175
CN(C)[*:1]>>C1CN([*:1])CCO1,163,176
C1CN([*:1])CCO1>>CN(C)[*:1],163,177
NC(=O)[*:1]>>N#C[*:1],163,178
CCO[*:1]>>F[*:1],162,179
F[*:1]>>CCO[*:1],162,180
O=C(N[*:1])[*:2]>>O([*:2])[*:1],162,181
O([*:1])[*:2]>>O=C(N[*:2])[*:1],162,182
FC(F)(O[*:1])[*:2]>>FC(F)([*:2])[*:1],160,183
FC(F)(F)O[*:1]>>FC(F)(F)[*:1],160,184
FC(F)(F)[*:1]>>FC(F)(F)O[*:1],160,185
C1CN([*:1])CCN1[*:2]>>C1CN([*:1])CCN1C[*:2],160,186
C1CN([*:1])CCN1C[*:2]>>C1CN([*:1])CCN1[*:2],160,187
FC(O[*:1])([*:2])[*:3]>>FC([*:2])([*:3])[*:1],160,188
FC([*:1])([*:2])[*:3]>>FC(O[*:3])([*:1])[*:2],160,189
FC(F)([*:1])[*:2]>>FC(F)(O[*:2])[*:1],160,190
C(C[*:1])[*:2]>>C(O[*:1])[*:2],158,191
C(O[*:1])[*:2]>>C(C[*:1])[*:2],158,192
CC[*:1]>>F[*:1],156,193
F[*:1]>>CC[*:1],156,194
O([*:1])[*:2]>>CC([*:1])[*:2],155,195
COC(=O)[*:1]>>C[*:1],155,196
C[*:1]>>COC(=O)[*:1],155,197
CC([*:1])[*:2]>>O([*:1])[*:2],155,198
N[*:1]>>F[*:1],152,199
F[*:1]>>N[*:1],152,200
O=C(O[*:1])[*:2]>>O([*:1])[*:2],151,201
O([*:1])[*:2]>>O=C(O[*:1])[*:2],151,202
CCN(C[*:1])[*:2]>>CN([*:1])[*:2],150,203
CN([*:1])[*:2]>>CCN(C[*:1])[*:2],150,204
O=C(C[*:1])O[*:2]>>O=C(O[*:2])[*:1],148,205
O=C(O[*:1])[*:2]>>O=C(C[*:2])O[*:1],148,206
N([*:1])[*:2]>>C(N[*:1])[*:2],145,207
C(N[*:1])[*:2]>>N([*:1])[*:2],145,208
CC(C)[*:1]>>CO[*:1],144,209
O=C(N[C@H]([*:1])[*:2])[*:3]>>O=C(N[C@@H]([*:1])[*:2])[*:3],144,210
CO[*:1]>>CC(C)[*:1],144,211
O=C(N[C@@H]([*:1])[*:2])[*:3]>>O=C(N[C@H]([*:1])[*:2])[*:3],144,212
c1cc(O[*:1])cc([*:2])c1>>c1cc([*:1])cc([*:2])c1,143,213
c1cc([*:1])cc([*:2])c1>>c1cc(O[*:1])cc([*:2])c1,143,214
CC(C)([*:1])[*:2]>>O([*:1])[*:2],142,215
O([*:1])[*:2]>>CC(C)([*:1])[*:2],142,216
O([*:1])[*:2]>>O=C([*:1])[*:2],142,217
O=C([*:1])[*:2]>>O([*:1])[*:2],142,218
CN(C)[*:1]>>CCN(CC)[*:1],140,219
CCN(CC)[*:1]>>CN(C)[*:1],140,220
O[C@H]([*:1])[*:2]>>O[C@@H]([*:1])[*:2],139,221
O[C@@H]([*:1])[*:2]>>O[C@H]([*:1])[*:2],139,222
CC(C)(C)[*:1]>>CO[*:1],137,223
CO[*:1]>>CC(C)(C)[*:1],137,224
C(O[*:1])[*:2]>>C(S[*:1])[*:2],133,225
C([*:1])[*:2]>>O=C([*:1])[*:2],133,226
O=C([*:1])[*:2]>>C([*:1])[*:2],133,227
C(S[*:1])[*:2]>>C(O[*:1])[*:2],133,228
N#C[*:1]>>O[*:1],132,229
O[*:1]>>N#C[*:1],132,230
C1CCN([*:1])C1>>CN(C)[*:1],130,231
CN(C)[*:1]>>C1CCN([*:1])C1,130,232
c1cc([*:1])c(O[*:2])cc1[*:3]>>c1cc([*:3])c(O[*:2])cc1[*:1],130,233
O=S(=O)([*:1])[*:2]>>O([*:1])[*:2],128,234
O([*:1])[*:2]>>O=S(=O)([*:1])[*:2],128,235
NC[*:1]>>N[*:1],126,236
O[*:1]>>FC(F)(F)[*:1],126,237
FC(F)(F)[*:1]>>O[*:1],126,238
CS[*:1]>>C[*:1],126,239
C[*:1]>>CS[*:1],126,240
N[*:1]>>NC[*:1],126,241
CO[*:1]>>CS[*:1],126,242
CS[*:1]>>CO[*:1],126,243
C(S[*:1])[*:2]>>S([*:2])[*:1],125,244
S([*:1])[*:2]>>C(S[*:2])[*:1],125,245
C(C[*:1])O[*:2]>>C(C[*:1])[*:2],125,246
C(C[*:1])[*:2]>>C(C[*:1])O[*:2],125,247
c1cc(O[*:1])c([*:2])cc1[*:3]>>c1cc(O[*:1])c([*:3])cc1[*:2],124,248
O[*:1]>>CC[*:1],124,249
CC[*:1]>>O[*:1],124,250
O([*:1])[*:2]>>C(C[*:2])[*:1],124,251
C(C[*:1])[*:2]>>O([*:2])[*:1],124,252
C(C[*:1])O[*:2]>>C([*:1])[*:2],123,253
C([*:1])[*:2]>>C(C[*:1])O[*:2],123,254
c1ccc([*:1])c(O[*:2])c1>>c1ccc([*:1])c([*:2])c1,122,255
c1ccc([*:1])c([*:2])c1>>c1ccc([*:1])c(O[*:2])c1,122,256
O=C(O)[*:1]>>CO[*:1],121,257
CO[*:1]>>O=C(O)[*:1],121,258
CC(=O)N[*:1]>>CO[*:1],120,259
Fc1cc([*:1])ccc1[*:2]>>Fc1cc([*:2])ccc1[*:1],120,260
CO[*:1]>>CC(=O)N[*:1],120,261
CN([*:1])[*:2]>>CN(C[*:2])[*:1],119,262
c1ccc([*:1])cc1>>O[*:1],119,263
O[*:1]>>c1ccc([*:1])cc1,119,264
O=C(NC[*:1])[*:2]>>O=C(C[*:2])NC[*:1],119,265
O=C(C[*:1])NC[*:2]>>O=C(NC[*:2])[*:1],119,266
CN(C[*:1])[*:2]>>CN([*:2])[*:1],119,267
c1ccc([*:1])cc1>>O=C(O)[*:1],118,268
O=C(O)[*:1]>>c1ccc([*:1])cc1,118,269
FC(F)(F)O[*:1]>>F[*:1],117,270
F[*:1]>>FC(F)(F)O[*:1],117,271
C(N([*:1])[*:2])[*:3]>>C(N(C[*:2])C[*:3])[*:1],116,272
O=C(N[*:1])[*:2]>>C(O[*:1])[*:2],116,273
C(O[*:1])[*:2]>>O=C(N[*:1])[*:2],116,274
NC(=O)[*:1]>>C[*:1],116,275
C[*:1]>>NC(=O)[*:1],116,276
C(N(C[*:1])C[*:2])[*:3]>>C(N([*:3])[*:1])[*:2],116,277
[*:1][H]>>CC[*:1],115,278
F[*:1]>>c1ccc([*:1])cc1,115,279
c1ccc([*:1])cc1>>F[*:1],115,280
CC[*:1]>>[*:1][H],115,281
CC(C[*:1])[*:2]>>CC(C[*:2])[*:1],114,282
OC([*:1])[*:2]>>O=C([*:1])[*:2],113,283
F[*:1]>>CC(C)(C)[*:1],113,284
CC(C)(C)[*:1]>>F[*:1],113,285
O=C([*:1])[*:2]>>OC([*:1])[*:2],113,286
O=C(O)[*:1]>>N#C[*:1],113,287
N#C[*:1]>>O=C(O)[*:1],113,288
COC(=O)[*:1]>>NC(=O)[*:1],112,289
NC(=O)[*:1]>>COC(=O)[*:1],112,290
C(C[*:1])C[*:2]>>C(C[*:2])O[*:1],111,291
C(C[*:1])O[*:2]>>C(C[*:2])C[*:1],111,292
O=[N+]([O-])[*:1]>>O=C(O)[*:1],108,293
O=C(O)[*:1]>>O=[N+]([O-])[*:1],108,294
CN(C)[*:1]>>C1CCN([*:1])CC1,108,295
C1CCN([*:1])CC1>>CN(C)[*:1],108,296
C([C@H](C[*:1])[*:2])[*:3]>>C([C@@H](C[*:1])[*:2])[*:3],107,297
C([C@@H](C[*:1])[*:2])[*:3]>>C([C@H](C[*:1])[*:2])[*:3],107,298
O[*:1]>>CC(=O)N[*:1],107,299
CC(=O)N[*:1]>>O[*:1],107,300
CO[*:1]>>C1CN([*:1])CCO1,107,301
C1CN([*:1])CCO1>>CO[*:1],107,302
C(N(C[*:1])[*:2])[*:3]>>C(N([*:3])[*:2])[*:1],106,303
C(N([*:1])[*:2])[*:3]>>C(N(C[*:3])[*:2])[*:1],106,304
N[*:1]>>O=C(O)[*:1],104,305
C(N([*:1])[*:2])[*:3]>>N([*:3])([*:1])[*:2],104,306
N([*:1])([*:2])[*:3]>>C(N([*:2])[*:3])[*:1],104,307
CC(O[*:1])[*:2]>>O([*:2])[*:1],104,308
O([*:1])[*:2]>>CC(O[*:2])[*:1],104,309
O=C(O)[*:1]>>N[*:1],104,310
CC(=O)N[*:1]>>C[*:1],103,311
C[*:1]>>CC(=O)N[*:1],103,312
CC([*:1])[*:2]>>C(O[*:1])[*:2],103,313
C(O[*:1])[*:2]>>CC([*:1])[*:2],103,314
CC(=O)[*:1]>>CO[*:1],102,315
c1cc([*:1])c([*:2])cc1O[*:3]>>c1cc([*:2])c([*:1])cc1O[*:3],102,316
CO[*:1]>>OC[*:1],102,317
CO[*:1]>>CC(=O)[*:1],102,318
S([*:1])[*:2]>>C([*:1])[*:2],102,319
OC[*:1]>>CO[*:1],102,320
C([*:1])[*:2]>>S([*:1])[*:2],102,321
c1cc([*:1])ccc1O[*:2]>>C([*:2])[*:1],102,322
C([*:1])[*:2]>>c1cc([*:2])ccc1O[*:1],102,323
C1CN([*:1])CCO1>>O[*:1],102,324
O[*:1]>>C1CN([*:1])CCO1,102,325
CO[*:1]>>COC(=O)[*:1],101,326
C[*:1]>>CC(=O)[*:1],101,327
CC(=O)[*:1]>>C[*:1],101,328
CCN(CC)[*:1]>>C1CCN([*:1])C1,101,329
C1CCN([*:1])C1>>CCN(CC)[*:1],101,330
O=S(=O)(N[*:1])[*:2]>>O=S(=O)(NC[*:1])[*:2],101,331
O=S(=O)(NC[*:1])[*:2]>>O=S(=O)(N[*:1])[*:2],101,332
COC(=O)[*:1]>>CO[*:1],101,333
CN1CCN([*:1])CC1>>C1CCN([*:1])CC1,100,334
O=C(NC[*:1])[*:2]>>CN(C[*:1])C(=O)[*:2],100,335
CN(C)[*:1]>>CN(C)C[*:1],100,336
C1CCN([*:1])CC1>>CN1CCN([*:1])CC1,100,337
CN(C[*:1])C(=O)[*:2]>>O=C(NC[*:1])[*:2],100,338
CN(C)C[*:1]>>CN(C)[*:1],100,339
C1CN([*:1])CCO1>>CCN(CC)[*:1],99,340
O=C(O[*:1])[*:2]>>C([*:1])[*:2],99,341
C([*:1])[*:2]>>O=C(O[*:1])[*:2],99,342
CCN(CC)[*:1]>>C1CN([*:1])CCO1,99,343
c1ccc([*:1])c([*:2])c1>>c1cc(O[*:2])cc([*:1])c1,98,344
c1cc(O[*:1])cc([*:2])c1>>c1ccc([*:2])c([*:1])c1,98,345
CCOC(=O)[*:1]>>C[*:1],98,346
C[*:1]>>CCOC(=O)[*:1],98,347
O=C(N[*:1])[*:2]>>N([*:2])[*:1],97,348
N([*:1])[*:2]>>O=C(N[*:2])[*:1],97,349
C(C[*:1])O[*:2]>>C(C[*:2])[*:1],97,350
C(C[*:1])[*:2]>>C(C[*:2])O[*:1],97,351
CCN(C[*:1])C[*:2]>>CN(C[*:2])[*:1],97,352
CN(C[*:1])[*:2]>>CCN(C[*:2])C[*:1],97,353
N#C[*:1]>>COC(=O)[*:1],96,354
COC(=O)[*:1]>>N#C[*:1],96,355
FC(F)(F)O[*:1]>>C[*:1],96,356
C[*:1]>>FC(F)(F)O[*:1],96,357
COc1cc([*:1])ccc1[*:2]>>COc1cc([*:2])ccc1[*:1],96,358
CN(C[*:1])[*:2]>>C(O[*:2])[*:1],96,359
C(O[*:1])[*:2]>>CN(C[*:2])[*:1],96,360
S([*:1])[*:2]>>N([*:1])[*:2],96,361
N([*:1])[*:2]>>S([*:1])[*:2],96,362
N([*:1])[*:2]>>C([*:1])[*:2],94,363
C([*:1])[*:2]>>N([*:1])[*:2],94,364
c1cc([*:1])ncc1[*:2]>>c1cc([*:2])ncc1[*:1],94,365
COC[*:1]>>CO[*:1],93,366
O=S(=O)(C[*:1])[*:2]>>C(S[*:2])[*:1],93,367
C(S[*:1])[*:2]>>O=S(=O)(C[*:2])[*:1],93,368
FC(F)(F)c1ccc([*:1])cc1>>c1ccc([*:1])cc1,93,369
CO[*:1]>>COC[*:1],93,370
c1ccc([*:1])cc1>>FC(F)(F)c1ccc([*:1])cc1,93,371
N#C[*:1]>>N[*:1],93,372
N[*:1]>>N#C[*:1],93,373
F[*:1]>>O=C(O)[*:1],92,374
O=C(O)[*:1]>>F[*:1],92,375
OC[*:1]>>COC(=O)[*:1],91,376
COC(=O)[*:1]>>OC[*:1],91,377
[O-][S+]([*:1])[*:2]>>S([*:1])[*:2],91,378
CN(C)[*:1]>>F[*:1],91,379
O=C([*:1])[*:2]>>O=C(N[*:2])[*:1],91,380
O=C(N[*:1])[*:2]>>O=C([*:2])[*:1],91,381
F[*:1]>>CN(C)[*:1],91,382
c1ccc([*:1])cc1>>c1ccc(O[*:1])cc1,91,383
c1ccc(O[*:1])cc1>>c1ccc([*:1])cc1,91,384
S([*:1])[*:2]>>[O-][S+]([*:1])[*:2],91,385
C(C[*:1])N([*:2])[*:3]>>C(C[*:1])N(C[*:2])C[*:3],90,386
CO[*:1]>>CS(=O)(=O)[*:1],90,387
COc1ccc([*:1])cc1[*:2]>>COc1ccc([*:2])cc1[*:1],90,388
CS(=O)(=O)[*:1]>>CO[*:1],90,389
C(C[*:1])N(C[*:2])C[*:3]>>C(C[*:1])N([*:2])[*:3],90,390
c1cc([*:1])cc([*:2])c1>>c1ccc([*:2])c(O[*:1])c1,89,391
c1ccc([*:1])c(O[*:2])c1>>c1cc([*:2])cc([*:1])c1,89,392
c1cc(O[*:1])ccc1C[*:2]>>c1cc([*:1])ccc1C[*:2],88,393
C(C[*:1])[C@H]([*:2])[*:3]>>C(C[*:1])[C@@H]([*:2])[*:3],88,394
C(C[*:1])[C@@H]([*:2])[*:3]>>C(C[*:1])[C@H]([*:2])[*:3],88,395
c1cc([*:1])ccc1C[*:2]>>c1cc(O[*:1])ccc1C[*:2],88,396
C(CO[*:1])O[*:2]>>O([*:2])[*:1],87,397
O([*:1])[*:2]>>C(CO[*:2])O[*:1],87,398
C(N[*:1])[*:2]>>C(NC[*:2])[*:1],87,399
C(NC[*:1])[*:2]>>C(N[*:2])[*:1],87,400
c1cc([*:1])ccc1C[*:2]>>c1cc([*:1])ccc1O[*:2],86,401
c1cc([*:1])ccc1O[*:2]>>c1cc([*:1])ccc1C[*:2],86,402
CC([*:1])[*:2]>>C[C@@H]([*:1])[*:2],85,403
C[C@@H]([*:1])[*:2]>>CC([*:1])[*:2],85,404
O=C(NC[*:1])[*:2]>>O=C(OC[*:1])[*:2],85,405
O=C(OC[*:1])[*:2]>>O=C(NC[*:1])[*:2],85,406
O[*:1]>>COC(=O)[*:1],85,407
COC(=O)[*:1]>>O[*:1],85,408
O=C(C[*:1])N[*:2]>>C([*:1])[*:2],84,409
F[*:1]>>CC(C)[*:1],84,410
CCN(CC)[*:1]>>C1CCN([*:1])CC1,84,411
C1CCN([*:1])CC1>>CCN(CC)[*:1],84,412
O=C(OCC[*:1])[*:2]>>O=C(O[*:1])[*:2],84,413
O=C(O[*:1])[*:2]>>O=C(OCC[*:1])[*:2],84,414
CC(C)[*:1]>>F[*:1],84,415
C([*:1])[*:2]>>O=C(C[*:1])N[*:2],84,416
F[*:1]>>CC(=O)N[*:1],83,417
CC(=O)N[*:1]>>F[*:1],83,418
O[*:1]>>NC(=O)[*:1],82,419
NC(=O)[*:1]>>O[*:1],82,420
OC[C@H]([*:1])[*:2]>>OC[C@@H]([*:1])[*:2],81,421
OC[C@@H]([*:1])[*:2]>>OC[C@H]([*:1])[*:2],81,422
O[*:1]>>CN[*:1],81,423
CN[*:1]>>O[*:1],81,424
CN(CC[*:1])[*:2]>>C(C[*:1])N[*:2],80,425
C(C[*:1])N[*:2]>>CN(CC[*:1])[*:2],80,426
O=C(N[*:1])[C@@H]([*:2])[*:3]>>O=C(N[*:1])[C@H]([*:2])[*:3],80,427
O=C(N[*:1])[C@H]([*:2])[*:3]>>O=C(N[*:1])[C@@H]([*:2])[*:3],80,428
CN([*:1])[*:2]>>C(N[*:2])[*:1],79,429
CC([*:1])[*:2]>>C(C[*:2])O[*:1],79,430
C(C[*:1])O[*:2]>>CC([*:2])[*:1],79,431
C(N[*:1])[*:2]>>CN([*:2])[*:1],79,432
N([*:1])[*:2]>>C(CN[*:2])C[*:1],78,433
CCN(CC[*:1])C[*:2]>>CN(CC[*:1])[*:2],78,434
CN(CC[*:1])[*:2]>>CCN(CC[*:1])C[*:2],78,435
O=C(O)[*:1]>>O=C(O)CC[*:1],78,436
O=C(N[*:1])N[*:2]>>O=C(N[*:2])[*:1],78,437
C(CN[*:1])C[*:2]>>N([*:2])[*:1],78,438
COc1ccc([*:1])c([*:2])c1>>COc1ccc([*:2])c([*:1])c1,78,439
O=C(O)CC[*:1]>>O=C(O)[*:1],78,440
O=C(N[*:1])[*:2]>>O=C(N[*:2])N[*:1],78,441
O([*:1])[*:2]>>O=C(O[*:2])[*:1],77,442
O=C(O[*:1])[*:2]>>O([*:2])[*:1],77,443
c1ccc([*:1])cc1>>N#C[*:1],77,444
N#C[*:1]>>c1ccc([*:1])cc1,77,445
NC(=O)[*:1]>>OC[*:1],77,446
OC[*:1]>>NC(=O)[*:1],77,447
C[*:1]>>C1CN([*:1])CCO1,76,448
C([*:1])[*:2]>>CN([*:1])[*:2],76,449
c1cc([*:1])ccc1O[*:2]>>C(C[*:1])[*:2],76,450
C(C[*:1])[*:2]>>c1cc([*:1])ccc1O[*:2],76,451
O=C(N[*:1])[*:2]>>O=C(C=C[*:2])N[*:1],76,452
CN([*:1])[*:2]>>C([*:1])[*:2],76,453
C(O[*:1])[*:2]>>C(O[*:2])[*:1],76,454
O=[N+]([O-])[*:1]>>CC(=O)N[*:1],76,455
CC(=O)N[*:1]>>O=[N+]([O-])[*:1],76,456
C1CN([*:1])CCN1[*:2]>>C1CN([*:2])CCN1C[*:1],76,457
C1CN([*:1])CCN1C[*:2]>>C1CN([*:2])CCN1[*:1],76,458
O=C(O[*:1])[*:2]>>C(O[*:1])[*:2],76,459
O=C(C=C[*:1])N[*:2]>>O=C(N[*:2])[*:1],76,460
C(O[*:1])[*:2]>>O=C(O[*:1])[*:2],76,461
C1CN([*:1])CCO1>>C[*:1],76,462
O=C(O[*:1])[*:2]>>O=C(CC[*:2])O[*:1],75,463
C([*:1])[*:2]>>CN(CC[*:2])[*:1],75,464
O=C(N[*:1])[*:2]>>O([*:1])[*:2],75,465
O([*:1])[*:2]>>O=C(N[*:1])[*:2],75,466
O=C(CC[*:1])O[*:2]>>O=C(O[*:2])[*:1],75,467
CN(CC[*:1])[*:2]>>C([*:2])[*:1],75,468
FC(F)(F)[*:1]>>N[*:1],74,469
C([*:1])[*:2]>>O=C(N[*:2])[*:1],74,470
N[*:1]>>FC(F)(F)[*:1],74,471
CO[*:1]>>NC(=O)[*:1],74,472
NC(=O)[*:1]>>CO[*:1],74,473
O([*:1])[*:2]>>O=C(OC[*:1])[*:2],74,474
O=C(OC[*:1])[*:2]>>O([*:1])[*:2],74,475
O=C(N[*:1])[*:2]>>C([*:2])[*:1],74,476
O=C(O[*:1])[*:2]>>O=C([*:1])[*:2],73,477
O[*:1]>>[*:1][H],73,478
O=C([*:1])[*:2]>>O=C(O[*:1])[*:2],73,479
C1CN([*:1])CCN1[*:2]>>CN([*:2])[*:1],73,480
[*:1][H]>>O[*:1],73,481
CN([*:1])[*:2]>>C1CN([*:2])CCN1[*:1],73,482
O=[N+]([O-])[*:1]>>CN(C)[*:1],72,483
O([*:1])[*:2]>>C(CC[*:1])CO[*:2],72,484
C(CC[*:1])CO[*:2]>>O([*:1])[*:2],72,485
O=C(N1CCN([*:1])CC1)[*:2]>>O=C(N[*:1])[*:2],72,486
N([C@H]([*:1])[*:2])[*:3]>>N([C@@H]([*:1])[*:2])[*:3],72,487
N([C@@H]([*:1])[*:2])[*:3]>>N([C@H]([*:1])[*:2])[*:3],72,488
CN(C)[*:1]>>O=[N+]([O-])[*:1],72,489
O=C(N[*:1])[*:2]>>O=C(N1CCN([*:1])CC1)[*:2],72,490
N([*:1])[*:2]>>C1CN([*:2])CCN1[*:1],71,491
CC([*:1])[*:2]>>c1cc([*:2])ccc1O[*:1],71,492
C1CN([*:1])CCN1[*:2]>>N([*:2])[*:1],71,493
C(O[*:1])[*:2]>>S([*:2])[*:1],71,494
F[*:1]>>CC(=O)[*:1],71,495
S([*:1])[*:2]>>C(O[*:2])[*:1],71,496
c1cc([*:1])ccc1O[*:2]>>CC([*:2])[*:1],71,497
CC(=O)[*:1]>>F[*:1],71,498
C(C[*:1])N[*:2]>>C(C[*:1])O[*:2],70,499
COc1ccc([*:1])cc1O[*:2]>>c1cc([*:1])ccc1[*:2],70,500
c1cc([*:1])ccc1[*:2]>>COc1ccc([*:1])cc1O[*:2],70,501
CCO[*:1]>>CC[*:1],70,502
O=C(N([*:1])[*:2])[*:3]>>O=C(N(C[*:1])[*:2])[*:3],70,503
C(C[*:1])O[*:2]>>C(C[*:1])N[*:2],70,504
c1cc([*:1])ccc1[*:2]>>COc1cc([*:1])ccc1O[*:2],70,505
O=C(N(C[*:1])[*:2])[*:3]>>O=C(N([*:1])[*:2])[*:3],70,506
COc1cc([*:1])ccc1O[*:2]>>c1cc([*:1])ccc1[*:2],70,507
CC[*:1]>>CCO[*:1],70,508
O=C(O)[*:1]>>CC(=O)[*:1],70,509
NC(=O)[*:1]>>CCOC(=O)[*:1],70,510
CC(=O)[*:1]>>O=C(O)[*:1],70,511
C(C[*:1])C[*:2]>>C(C[*:1])O[*:2],70,512
CCOC(=O)[*:1]>>NC(=O)[*:1],70,513
C(C([*:1])[*:2])[*:3]>>C(C([*:1])[*:3])[*:2],70,514
C(C[*:1])O[*:2]>>C(C[*:1])C[*:2],70,515
N[*:1]>>OC[*:1],69,516
O=C(O)[*:1]>>FC(F)(F)[*:1],69,517
FC(F)(F)[*:1]>>O=C(O)[*:1],69,518
CO[*:1]>>NS(=O)(=O)[*:1],69,519
O=C(N[*:1])N[*:2]>>O=C(N[*:1])[*:2],69,520
C([*:1])[*:2]>>C(S[*:2])[*:1],69,521
O=C(N[*:1])[*:2]>>O=C(N[*:1])N[*:2],69,522
C(S[*:1])[*:2]>>C([*:2])[*:1],69,523
OC[*:1]>>N[*:1],69,524
C([*:1])[*:2]>>O=C(C[*:1])[*:2],69,525
NS(=O)(=O)[*:1]>>CO[*:1],69,526
O=C(C[*:1])[*:2]>>C([*:1])[*:2],69,527
c1cc(O[*:1])cc([*:2])c1>>c1cc([*:2])ccc1OC[*:1],68,528
c1cc([*:1])ccc1OC[*:2]>>c1cc(O[*:2])cc([*:1])c1,68,529
N#C[*:1]>>CC[*:1],68,530
CC[*:1]>>N#C[*:1],68,531
CN1CCN([*:1])CC1>>C1CCN([*:1])C1,68,532
C1CCN([*:1])C1>>CN1CCN([*:1])CC1,68,533
C(C[*:1])O[*:2]>>CC(C[*:1])[*:2],68,534
F[*:1]>>COC(=O)[*:1],68,535
CC(C[*:1])[*:2]>>C(C[*:1])O[*:2],68,536
COC(=O)[*:1]>>F[*:1],68,537
O=C(NC[*:1])[*:2]>>O=S(=O)(NC[*:1])[*:2],68,538
O=S(=O)(NC[*:1])[*:2]>>O=C(NC[*:1])[*:2],68,539
O([*:1])[*:2]>>C1CN([*:2])CCN1[*:1],67,540
C1CN([*:1])CCN1[*:2]>>O([*:2])[*:1],67,541
O=C(O)[*:1]>>O=C(NO)[*:1],67,542
O=C(NO)[*:1]>>O=C(O)[*:1],67,543
c1ccc([*:1])cc1>>c1ccc2c([*:1])cccc2c1,66,544
CN(C(=O)[*:1])[*:2]>>O=C(NC[*:2])[*:1],66,545
OC(C[*:1])[*:2]>>O=C(C[*:1])[*:2],66,546
O=C(C[*:1])OC[*:2]>>O=C(OC[*:2])[*:1],66,547
O=C(NC[*:1])[*:2]>>CN(C(=O)[*:2])[*:1],66,548
C(O[*:1])[*:2]>>C(OC[*:2])[*:1],66,549
C(OC[*:1])[*:2]>>C(O[*:2])[*:1],66,550
c1ccc2c([*:1])cccc2c1>>c1ccc([*:1])cc1,66,551
O=C(C[*:1])[*:2]>>OC(C[*:1])[*:2],66,552
O=C(OC[*:1])[*:2]>>O=C(C[*:2])OC[*:1],66,553
CCOC(=O)[*:1]>>CO[*:1],66,554
O=C(OC[*:1])[*:2]>>O=C(N[*:1])[*:2],66,555
CO[*:1]>>CCOC(=O)[*:1],66,556
O=C(N[*:1])[*:2]>>O=C(OC[*:1])[*:2],66,557
F[*:1]>>CS[*:1],65,558
N#C[*:1]>>OC[*:1],65,559
OC[*:1]>>N#C[*:1],65,560
O=C([*:1])[*:2]>>O=C(OC[*:1])[*:2],65,561
O([*:1])[*:2]>>C(C[*:1])C[*:2],65,562
N#C[*:1]>>CCOC(=O)[*:1],65,563
CCOC(=O)[*:1]>>N#C[*:1],65,564
O=C(N[*:1])[*:2]>>O=C(CO[*:2])N[*:1],65,565
c1ccc([*:1])cc1>>N[*:1],65,566
O=C(OC[*:1])[*:2]>>O=C([*:1])[*:2],65,567
CS[*:1]>>F[*:1],65,568
O=C(C[*:1])[*:2]>>O=C([*:1])[*:2],65,569
C(C[*:1])C[*:2]>>O([*:1])[*:2],65,570
O=C(CO[*:1])N[*:2]>>O=C(N[*:2])[*:1],65,571
N[*:1]>>c1ccc([*:1])cc1,65,572
O=C([*:1])[*:2]>>O=C(C[*:1])[*:2],65,573
CN(C[*:1])[*:2]>>C([*:2])[*:1],64,574
C([*:1])[*:2]>>CN(C[*:2])[*:1],64,575
N([*:1])([*:2])[*:3]>>C(N([*:1])[*:3])[*:2],64,576
CN([*:1])[*:2]>>O=C(N[*:2])[*:1],64,577
C(N([*:1])[*:2])[*:3]>>N([*:1])([*:3])[*:2],64,578
O=C(N[*:1])[*:2]>>CN([*:2])[*:1],64,579
O=C(O)[*:1]>>CNC(=O)[*:1],63,580
N[*:1]>>C1CN([*:1])CCO1,63,581
OC[*:1]>>CCOC(=O)[*:1],63,582
O=C(N[*:1])[*:2]>>O=C(NC[*:2])[*:1],63,583
N#C[*:1]>>CC(=O)[*:1],63,584
O=C(NC[*:1])[*:2]>>O=C(N[*:2])[*:1],63,585
CC(=O)[*:1]>>N#C[*:1],63,586
CC(=O)O[*:1]>>CO[*:1],63,587
O=C[*:1]>>OC[*:1],63,588
OC[*:1]>>O=C[*:1],63,589
CO[*:1]>>CC(=O)O[*:1],63,590
CCOC(=O)[*:1]>>OC[*:1],63,591
CNC(=O)[*:1]>>O=C(O)[*:1],63,592
C1CN([*:1])CCO1>>c1ccc([*:1])cc1,63,593
c1ccc([*:1])cc1>>C1CN([*:1])CCO1,63,594
C(N[*:1])[*:2]>>CCN(C[*:2])[*:1],63,595
C1CN([*:1])CCO1>>N[*:1],63,596
CCN(C[*:1])[*:2]>>C(N[*:2])[*:1],63,597
COc1ccc([*:1])cc1OC>>c1ccc([*:1])cc1,62,598
COC(=O)[*:1]>>O=[N+]([O-])[*:1],62,599
CC([*:1])[*:2]>>C[C@H]([*:1])[*:2],62,600
C[C@H]([*:1])[*:2]>>CC([*:1])[*:2],62,601
c1ccc([*:1])cc1>>COc1ccc([*:1])cc1OC,62,602
O=[N+]([O-])[*:1]>>COC(=O)[*:1],62,603
FC(F)(F)[*:1]>>CCO[*:1],62,604
O=C(NC[*:1])[*:2]>>O=C(C[*:1])N[*:2],62,605
O=C(C[*:1])N[*:2]>>O=C(NC[*:1])[*:2],62,606
c1ccc([*:1])cc1>>CCOC(=O)[*:1],62,607
CCO[*:1]>>FC(F)(F)[*:1],62,608
CCOC(=O)[*:1]>>c1ccc([*:1])cc1,62,609
O=S(=O)(N[*:1])[*:2]>>CN(S(=O)(=O)[*:2])[*:1],61,610
C([*:1])[*:2]>>O=C(N[*:1])[*:2],61,611
O=C(N[*:1])[*:2]>>CCN(C(=O)[*:2])[*:1],61,612
CCN(C(=O)[*:1])[*:2]>>O=C(N[*:2])[*:1],61,613
CN(S(=O)(=O)[*:1])[*:2]>>O=S(=O)(N[*:2])[*:1],61,614
O=C(N[*:1])[*:2]>>C([*:1])[*:2],61,615
CC(=O)[*:1]>>COC(=O)[*:1],60,616
Cc1ccc([*:1])c([*:2])c1>>Cc1ccc([*:2])c([*:1])c1,60,617
Cc1ccc([*:1])cc1[*:2]>>Cc1ccc([*:2])cc1[*:1],60,618
Cc1cc([*:1])ccc1[*:2]>>Cc1cc([*:2])ccc1[*:1],60,619
COC(=O)[*:1]>>CC(=O)[*:1],60,620
C([*:1])[*:2]>>c1ccc([*:2])c(O[*:1])c1,60,621
[O-][S+]([*:1])[*:2]>>O=S(=O)([*:1])[*:2],60,622
O=S(=O)([*:1])[*:2]>>[O-][S+]([*:1])[*:2],60,623
c1ccc([*:1])c(O[*:2])c1>>C([*:2])[*:1],60,624
C(O[*:1])[*:2]>>C(=C[*:1])[*:2],59,625
O=C(C[*:1])OC[*:2]>>O=C(C[*:1])O[*:2],59,626
CC(=O)[*:1]>>O=[N+]([O-])[*:1],59,627
O=[N+]([O-])[*:1]>>CC(=O)[*:1],59,628
O=C(O)[*:1]>>NC[*:1],59,629
O=C(N[*:1])[*:2]>>O=C(NCCC[*:1])[*:2],59,630
N[*:1]>>CC(C)(C)OC(=O)N[*:1],59,631
NC[*:1]>>O=C(O)[*:1],59,632
O=C(NCCC[*:1])[*:2]>>O=C(N[*:1])[*:2],59,633
C(=C[*:1])[*:2]>>C(O[*:1])[*:2],59,634
CC(C)(C)OC(=O)N[*:1]>>N[*:1],59,635
O=C(C[*:1])O[*:2]>>O=C(C[*:1])OC[*:2],59,636
CCC[*:1]>>O[*:1],59,637
O[*:1]>>CCC[*:1],59,638
C(C[*:1])O[*:2]>>C(C[*:1])S[*:2],59,639
C(C[*:1])S[*:2]>>C(C[*:1])O[*:2],59,640
C(O[*:1])[*:2]>>C(C[*:2])C[*:1],58,641
CN([*:1])[*:2]>>S([*:1])[*:2],58,642
C(C[*:1])C[*:2]>>C(O[*:2])[*:1],58,643
NC[*:1]>>O[*:1],58,644
C1CN([*:1])CCO1>>C1CN([*:1])CCN1,58,645
CS(=O)(=O)[*:1]>>CS[*:1],58,646
O[*:1]>>NC[*:1],58,647
C(N([*:1])[*:2])[*:3]>>C(N(C[*:2])[*:1])[*:3],58,648
c1ccc([*:1])cc1>>O=[N+]([O-])[*:1],58,649
CN(C)[*:1]>>CN1CCN([*:1])CC1,58,650
CN1CCN([*:1])CC1>>CN(C)[*:1],58,651
O=[N+]([O-])[*:1]>>c1ccc([*:1])cc1,58,652
C1CN([*:1])CCN1>>C1CN([*:1])CCO1,58,653
O=C(O)[C@@H]([*:1])[*:2]>>O=C(O)[C@H]([*:1])[*:2],58,654
C(N(C[*:1])[*:2])[*:3]>>C(N([*:2])[*:1])[*:3],58,655
CS[*:1]>>CS(=O)(=O)[*:1],58,656
S([*:1])[*:2]>>CN([*:1])[*:2],58,657
O=C(O)[C@H]([*:1])[*:2]>>O=C(O)[C@@H]([*:1])[*:2],58,658
C(S[*:1])[*:2]>>[O-][S+](C[*:2])[*:1],57,659
C([*:1])[*:2]>>C(CO[*:2])C[*:1],57,660
C1CN([*:1])CCN1[*:2]>>C1CN([*:2])CCC1[*:1],57,661
C(CO[*:1])C[*:2]>>C([*:2])[*:1],57,662
CN(C)[*:1]>>N#C[*:1],57,663
C1CN([*:1])CCC1[*:2]>>C1CN([*:2])CCN1[*:1],57,664
N#C[*:1]>>CN(C)[*:1],57,665
[O-][S+](C[*:1])[*:2]>>C(S[*:2])[*:1],57,666
CN(CC[*:1])[*:2]>>C(C[*:1])O[*:2],57,667
C(C[*:1])O[*:2]>>CN(CC[*:1])[*:2],57,668
O=C(O)[*:1]>>CC[*:1],57,669
CC[*:1]>>O=C(O)[*:1],57,670
CC[*:1]>>N[*:1],56,671
N([*:1])[*:2]>>C(O[*:2])[*:1],56,672
C(O[*:1])[*:2]>>N([*:2])[*:1],56,673
CN(C[*:1])[*:2]>>C1CN([*:2])CCN1C[*:1],56,674
O=C(N1CCN([*:1])CC1)[*:2]>>O=C(NC[*:1])[*:2],56,675
O=C(NC[*:1])[*:2]>>O=C(N1CCN([*:1])CC1)[*:2],56,676
C1CC([*:1])CN([*:2])C1>>C1CN([*:2])CCC1[*:1],56,677
N[C@H]([*:1])[*:2]>>N[C@@H]([*:1])[*:2],56,678
CCOC(=O)[*:1]>>CC(=O)[*:1],56,679
N[C@@H]([*:1])[*:2]>>N[C@H]([*:1])[*:2],56,680
CC(=O)[*:1]>>CCOC(=O)[*:1],56,681
N[*:1]>>CC[*:1],56,682
C1CN([*:1])CCN1C[*:2]>>CN(C[*:2])[*:1],56,683
C1CN([*:1])CCC1[*:2]>>C1CC([*:2])CN([*:1])C1,56,684
CCN([*:1])[*:2]>>N([*:1])[*:2],55,685
c1ccc2cc([*:1])ccc2c1>>c1ccc([*:1])cc1,55,686
N([*:1])[*:2]>>CCN([*:1])[*:2],55,687
c1ccc([*:1])cc1>>c1ccc2cc([*:1])ccc2c1,55,688
NC(=O)[*:1]>>F[*:1],55,689
F[*:1]>>NC(=O)[*:1],55,690
CS(=O)(=O)[*:1]>>C[*:1],55,691
O=C[*:1]>>O=C(O)[*:1],55,692
O=C(O)[*:1]>>O=C[*:1],55,693
C[*:1]>>CS(=O)(=O)[*:1],55,694
O=C(NC[*:1])[*:2]>>O=C(O[*:1])[*:2],54,695
O=C(O[*:1])[*:2]>>O=C(NC[*:1])[*:2],54,696
O=S(=O)(N[*:1])[*:2]>>O=S(=O)(C[*:2])N[*:1],54,697
O=S(=O)(C[*:1])N[*:2]>>O=S(=O)(N[*:2])[*:1],54,698
C([*:1])[*:2]>>O=C(C[*:2])N[*:1],54,699
C(N[*:1])[*:2]>>C1CN([*:1])CCN1C[*:2],54,700
O=C(C[*:1])N[*:2]>>C([*:2])[*:1],54,701
CCC[*:1]>>CO[*:1],54,702
C1CN([*:1])CCN1C[*:2]>>C(N[*:1])[*:2],54,703
c1cc([*:1])c(O[*:2])cc1[*:3]>>c1cc([*:1])c([*:2])cc1[*:3],54,704
CO[*:1]>>CCC[*:1],54,705
C(O[*:1])[*:2]>>CN([*:2])[*:1],54,706
CN([*:1])[*:2]>>C(O[*:2])[*:1],54,707
C1CN([*:1])CCN1C[*:2]>>C1CN(C[*:2])CCC1[*:1],54,708
C1CN(C[*:1])CCC1[*:2]>>C1CN([*:2])CCN1C[*:1],54,709
O=C(NC[*:1])[*:2]>>O=C(C[*:2])N[*:1],54,710
c1cc([*:1])c([*:2])cc1[*:3]>>c1cc([*:1])c(O[*:2])cc1[*:3],54,711
C(C[*:1])S[*:2]>>S([*:1])[*:2],54,712
O=C(C=C[*:1])[*:2]>>O=C(C=C[*:2])[*:1],54,713
COC(=O)[*:1]>>FC(F)(F)[*:1],54,714
FC(F)(F)[*:1]>>COC(=O)[*:1],54,715
S([*:1])[*:2]>>C(C[*:1])S[*:2],54,716
O=C(C[*:1])N[*:2]>>O=C(NC[*:2])[*:1],54,717
CN(C)C(=O)[*:1]>>NC(=O)[*:1],53,718
NC(=O)[*:1]>>CN(C)C(=O)[*:1],53,719
c1cc([*:1])ccc1[*:2]>>c1cc([*:2])ccc1O[*:1],53,720
O=C(NO)[*:1]>>O=C(C[*:1])NO,53,721
O=C(C[*:1])NCC[*:2]>>O=C(C[*:1])N[*:2],53,722
O=C(C[*:1])N[*:2]>>O=C(C[*:1])NCC[*:2],53,723
c1cc([*:1])ccc1O[*:2]>>c1cc([*:2])ccc1[*:1],53,724
CS(=O)(=O)[*:1]>>N#C[*:1],53,725
N#C[*:1]>>CS(=O)(=O)[*:1],53,726
FC(F)(F)[*:1]>>CN(C)[*:1],53,727
O([*:1])[*:2]>>C(N[*:2])[*:1],53,728
C1CN([*:1])CCC1[*:2]>>C1CN([*:1])CCC1C[*:2],53,729
CN(C)[*:1]>>FC(F)(F)[*:1],53,730
C([C@H](C[*:1])[*:2])[*:3]>>C(C(C[*:1])[*:2])[*:3],53,731
C(C(C[*:1])[*:2])[*:3]>>C([C@H](C[*:1])[*:2])[*:3],53,732
C1CN([*:1])CCC1[*:2]>>C1CN(C[*:1])CCC1[*:2],53,733
C1CN(C[*:1])CCC1[*:2]>>C1CN([*:1])CCC1[*:2],53,734
O=C(C[*:1])NO>>O=C(NO)[*:1],53,735
C(N[*:1])[*:2]>>O([*:2])[*:1],53,736
FC(F)(F)c1cccc([*:1])c1>>c1ccc([*:1])cc1,53,737
c1ccc([*:1])cc1>>FC(F)(F)c1cccc([*:1])c1,53,738
C1CN([*:1])CCC1C[*:2]>>C1CN([*:1])CCC1[*:2],53,739
O=C(C[*:1])O[*:2]>>C(C[*:1])[*:2],52,740
[*:1][H]>>N[*:1],52,741
C(C[*:1])[*:2]>>O=C(C[*:1])O[*:2],52,742
N[*:1]>>[*:1][H],52,743
C1CN([*:1])CCO1>>C1CN(C[*:1])CCO1,52,744
C1CN(C[*:1])CCO1>>C1CN([*:1])CCO1,52,745
C(C[*:1])[*:2]>>C(S[*:1])[*:2],52,746
c1cc([*:1])ccc1O[*:2]>>c1cc([*:1])ccc1S[*:2],52,747
C(S[*:1])[*:2]>>C(C[*:1])[*:2],52,748
c1cc([*:1])ccc1S[*:2]>>c1cc([*:1])ccc1O[*:2],52,749
C([*:1])[*:2]>>O=C(C[*:2])O[*:1],52,750
CC(=O)N[*:1]>>O=C(O)[*:1],52,751
[*:1][H]>>CCC[*:1],52,752
O=C(C[*:1])O[*:2]>>C([*:2])[*:1],52,753
c1cc([*:1])c([*:2])c([*:3])c1>>c1cc([*:1])c([*:3])c([*:2])c1,52,754
CCC[*:1]>>[*:1][H],52,755
O=C(O)[*:1]>>CC(=O)N[*:1],52,756
O=C(NCC[*:1])[*:2]>>O=C(C[*:2])NCC[*:1],51,757
c1ccc([*:1])c(OC[*:2])c1>>c1ccc([*:1])c(O[*:2])c1,51,758
NC(=O)[*:1]>>N[*:1],51,759
CN1CCN([*:1])CC1>>C1CN([*:1])CCN1,51,760
C1CN([*:1])CCN1>>CN1CCN([*:1])CC1,51,761
CN(c1ccc([*:1])cc1)[*:2]>>c1cc([*:1])ccc1O[*:2],51,762
c1ccc([*:1])cc1>>CN(C)[*:1],51,763
CN(C)[*:1]>>c1ccc([*:1])cc1,51,764
FC(F)(F)[*:1]>>CS[*:1],51,765
CN(C)[*:1]>>CC(=O)N[*:1],51,766
N[*:1]>>NC(=O)[*:1],51,767
c1cc([*:1])ccc1O[*:2]>>CN(c1ccc([*:1])cc1)[*:2],51,768
CC(=O)N[*:1]>>CN(C)[*:1],51,769
C(S[*:1])[*:2]>>C(N[*:1])[*:2],51,770
C(N[*:1])[*:2]>>C(S[*:1])[*:2],51,771
c1ccc([*:1])c(O[*:2])c1>>c1ccc([*:1])c(OC[*:2])c1,51,772
CS[*:1]>>FC(F)(F)[*:1],51,773
O=C(C[*:1])NCC[*:2]>>O=C(NCC[*:2])[*:1],51,774
c1cc([*:1])ccc1O[*:2]>>Cc1cc([*:1])ccc1[*:2],50,775
Cc1cc([*:1])ccc1[*:2]>>c1cc([*:1])ccc1O[*:2],50,776
c1cc([*:1])ccc1O[*:2]>>Cc1ccc([*:1])cc1[*:2],50,777
O[*:1]>>CS[*:1],50,778
O=C(O)[*:1]>>NS(=O)(=O)[*:1],50,779
NS(=O)(=O)[*:1]>>O=C(O)[*:1],50,780
O=S(=O)(N[*:1])[*:2]>>O=S(=O)(N[*:2])[*:1],50,781
C1CCN([*:1])CC1>>N[*:1],50,782
CN(C(=O)[*:1])[*:2]>>O=C(O[*:2])[*:1],50,783
C(=C([*:1])[*:2])[*:3]>>CC(=C[*:3])CCC=C([*:1])[*:2],50,784
O=C(N[*:1])[*:2]>>O=C(O[*:2])[*:1],50,785
O=C(O[*:1])[*:2]>>O=C(N[*:2])[*:1],50,786
O=C(N[*:1])[*:2]>>C(C[*:2])[*:1],50,787
C1CCN([*:1])C1>>O[*:1],50,788
C(C[*:1])[*:2]>>O=C(N[*:2])[*:1],50,789
CS[*:1]>>O[*:1],50,790
O[*:1]>>C1CCN([*:1])C1,50,791
c1cc([*:1])c([*:2])c([*:3])c1>>c1cc([*:2])c([*:1])c([*:3])c1,50,792
CC(=C[*:1])CCC=C([*:2])[*:3]>>C(=C([*:2])[*:3])[*:1],50,793
O[*:1]>>O=P(O)(O)O[*:1],50,794
N[*:1]>>C1CCN([*:1])CC1,50,795
O=C(O[*:1])[*:2]>>CN(C(=O)[*:2])[*:1],50,796
O=P(O)(O)O[*:1]>>O[*:1],50,797
Cc1ccc([*:1])cc1[*:2]>>c1cc([*:1])ccc1O[*:2],50,798
CN(C)[*:1]>>CCN[*:1],49,799
CCO[*:1]>>CS[*:1],49,800
CCN[*:1]>>CN(C)[*:1],49,801
CO[*:1]>>C1CCN([*:1])CC1,49,802
C1CCN([*:1])CC1>>CO[*:1],49,803
FC(F)(F)[*:1]>>CS(=O)(=O)[*:1],49,804
CS(=O)(=O)[*:1]>>FC(F)(F)[*:1],49,805
CS[*:1]>>CCO[*:1],49,806
CC[*:1]>>CN(C)[*:1],49,807
CN(C)[*:1]>>CC[*:1],49,808
O[*:1]>>OCC[*:1],49,809
F[*:1]>>CS(=O)(=O)[*:1],49,810
OCC[*:1]>>O[*:1],49,811
CS(=O)(=O)[*:1]>>F[*:1],49,812
O=C(OC[*:1])[*:2]>>C(O[*:2])[*:1],49,813
CS(=O)(=O)N[*:1]>>N[*:1],49,814
N[*:1]>>CS(=O)(=O)N[*:1],49,815
CC(C)(c1ccc([*:1])cc1)[*:2]>>c1cc([*:1])ccc1O[*:2],49,816
c1cc([*:1])ccc1O[*:2]>>CC(C)(c1ccc([*:1])cc1)[*:2],49,817
C(NC[*:1])[*:2]>>C(N[*:1])[*:2],49,818
C(N[*:1])[*:2]>>C(NC[*:1])[*:2],49,819
C(C[*:1])O[*:2]>>O=C(C[*:1])N[*:2],49,820
O=C(C[*:1])N[*:2]>>C(C[*:1])O[*:2],49,821
C(O[*:1])[*:2]>>O=C(OC[*:2])[*:1],49,822
O=C(O)[*:1]>>CC(C)[*:1],48,823
C(CCO[*:1])CC[*:2]>>O([*:2])[*:1],48,824
O([*:1])[*:2]>>C(CCO[*:2])CC[*:1],48,825
c1cc([*:1])c([*:2])cc1[*:3]>>c1cc(O[*:1])c([*:2])cc1[*:3],48,826
Fc1ccc([*:1])c([*:2])c1>>Fc1ccc([*:2])c([*:1])c1,48,827
C(O[*:1])[*:2]>>CC([*:2])[*:1],48,828
CC([*:1])[*:2]>>C(O[*:2])[*:1],48,829
c1cc([*:1])ccc1O[*:2]>>O=C(c1ccc([*:1])cc1)[*:2],48,830
O=C(C[*:1])N[*:2]>>C(C[*:1])N[*:2],48,831
CC(C)[*:1]>>O=C(O)[*:1],48,832
O=C(c1ccc([*:1])cc1)[*:2]>>c1cc([*:1])ccc1O[*:2],48,833
c1cc(O[*:1])c([*:2])cc1[*:3]>>c1cc([*:1])c([*:2])cc1[*:3],48,834
CN[*:1]>>CO[*:1],48,835
CO[*:1]>>CN[*:1],48,836
c1ccc([C@H]([*:1])[*:2])cc1>>c1ccc([C@@H]([*:1])[*:2])cc1,48,837
c1ccc([C@@H]([*:1])[*:2])cc1>>c1ccc([C@H]([*:1])[*:2])cc1,48,838
C(C[*:1])N[*:2]>>O=C(C[*:1])N[*:2],48,839
c1ccc([*:1])cc1>>COC(=O)[*:1],47,840
C1CCN([*:1])CC1>>O[*:1],47,841
O[*:1]>>C1CCN([*:1])CC1,47,842
COC(=O)[*:1]>>CNC(=O)[*:1],47,843
COC(=O)[*:1]>>c1ccc([*:1])cc1,47,844
O=C(N[*:1])[*:2]>>C(O[*:2])[*:1],47,845
CNC(=O)[*:1]>>COC(=O)[*:1],47,846
C(O[*:1])[*:2]>>O=C(N[*:2])[*:1],47,847
CCO[*:1]>>CN(C)[*:1],47,848
C([*:1])[*:2]>>O=C(NC[*:1])[*:2],47,849
C1CN([*:1])CCN1[*:2]>>C1CN([*:1])CCN1CC[*:2],47,850
O=C(N[*:1])[*:2]>>O=S(=O)(N[*:2])[*:1],47,851
CN(C)[*:1]>>CCO[*:1],47,852
C(CC[*:1])CN[*:2]>>N([*:1])[*:2],47,853
O=C(CCC[*:1])N[*:2]>>O=C(N[*:2])[*:1],47,854
O=C(N[*:1])[*:2]>>O=C(CCC[*:2])N[*:1],47,855
N([*:1])[*:2]>>C(CC[*:1])CN[*:2],47,856
O=S(=O)(N[*:1])[*:2]>>O=C(N[*:2])[*:1],47,857
O=C(NC[*:1])[*:2]>>C([*:1])[*:2],47,858
C1CN([*:1])CCN1CC[*:2]>>C1CN([*:1])CCN1[*:2],47,859
C(C([*:1])[*:2])[*:3]>>C(C([*:3])[*:2])[*:1],46,860
N([*:1])([*:2])[*:3]>>C([*:1])([*:2])[*:3],46,861
C(C[*:1])N([*:2])[*:3]>>N([*:2])([*:3])[*:1],46,862
O=C(O)C[*:1]>>O[*:1],46,863
O[*:1]>>CC(C)(C)[*:1],46,864
C(O[*:1])[*:2]>>O=C(NC[*:2])[*:1],46,865
CC(C)[*:1]>>O[*:1],46,866
CC(C)(C)[*:1]>>O[*:1],46,867
O[*:1]>>CC(C)[*:1],46,868
CC(C)(C)[*:1]>>O=[N+]([O-])[*:1],46,869
C([*:1])([*:2])[*:3]>>N([*:1])([*:2])[*:3],46,870
O=C(C[*:1])N[*:2]>>C(N[*:2])[*:1],46,871
c1cc(OC[*:1])c([*:2])cc1[*:3]>>c1cc(O[*:1])c([*:2])cc1[*:3],46,872
C(N([*:1])[*:2])[*:3]>>C(N([*:3])[*:2])[*:1],46,873
O=S(=O)(N[*:1])[*:2]>>O([*:2])[*:1],46,874
O([*:1])[*:2]>>O=S(=O)(N[*:2])[*:1],46,875
NC(=O)[*:1]>>NC[*:1],46,876
NC[*:1]>>NC(=O)[*:1],46,877
O=C(NC[*:1])[*:2]>>C(O[*:2])[*:1],46,878
N([*:1])([*:2])[*:3]>>C(C[*:3])N([*:1])[*:2],46,879
C1CN([*:1])CCO1>>c1cn([*:1])cn1,46,880
c1cc(O[*:1])c([*:2])cc1[*:3]>>c1cc(OC[*:1])c([*:2])cc1[*:3],46,881
c1cn([*:1])cn1>>C1CN([*:1])CCO1,46,882
O=C(O[*:1])[*:2]>>O=C(C=C[*:2])O[*:1],46,883
C1CCN([*:1])C1>>CO[*:1],46,884
O=C(C=C[*:1])O[*:2]>>O=C(O[*:2])[*:1],46,885
C(N[*:1])[*:2]>>O=C(C[*:2])N[*:1],46,886
CO[*:1]>>C1CCN([*:1])C1,46,887
O[*:1]>>O=C(O)C[*:1],46,888
O=[N+]([O-])[*:1]>>CC(C)(C)[*:1],46,889
C(CO[*:1])C[*:2]>>C([*:1])[*:2],46,890
C([*:1])[*:2]>>C(CO[*:1])C[*:2],46,891
O=C(N[*:1])[*:2]>>O=C(COC(=O)[*:2])N[*:1],45,892
OC[*:1]>>CN(C)[*:1],45,893
N[*:1]>>C1CCN([*:1])C1,45,894
CCCC[*:1]>>[*:1][H],45,895
[*:1][H]>>CCCC[*:1],45,896
COC(=O)[*:1]>>N[*:1],45,897
C(C[*:1])C[*:2]>>c1cc([*:2])ccc1O[*:1],45,898
CCN(CC)[*:1]>>N[*:1],45,899
c1cc([*:1])ccc1O[*:2]>>C(C[*:2])C[*:1],45,900
CN(C[*:1])[*:2]>>CN([*:1])[*:2],45,901
CN([*:1])[*:2]>>CN(C[*:1])[*:2],45,902
C(C[*:1])O[*:2]>>C(C[*:1])OC[*:2],45,903
C(C[*:1])OC[*:2]>>C(C[*:1])O[*:2],45,904
C(O[*:1])[*:2]>>O=S(=O)(C[*:2])[*:1],45,905
CN(C)[*:1]>>OC[*:1],45,906
C1CCN([*:1])C1>>N[*:1],45,907
O=C(NC([*:1])[*:2])[*:3]>>O=C(N[C@H]([*:1])[*:2])[*:3],45,908
N[*:1]>>CCN(CC)[*:1],45,909
O=S(=O)(C[*:1])[*:2]>>C(O[*:2])[*:1],45,910
O=C(N[C@H]([*:1])[*:2])[*:3]>>O=C(NC([*:1])[*:2])[*:3],45,911
O=C(COC(=O)[*:1])N[*:2]>>O=C(N[*:2])[*:1],45,912
N[*:1]>>COC(=O)[*:1],45,913
OC[*:1]>>F[*:1],44,914
O=C(N[*:1])[*:2]>>O=C(N[*:1])O[*:2],44,915
O=C(NC[*:1])[*:2]>>O=C(NC[*:2])[*:1],44,916
C(C[*:1])C[*:2]>>C(O[*:1])[*:2],44,917
C(O[*:1])[*:2]>>C(C[*:1])C[*:2],44,918
C(C([*:1])[*:2])[*:3]>>C(C([*:2])[*:3])[*:1],44,919
C(C([*:1])[*:2])[*:3]>>C(C([*:3])[*:1])[*:2],44,920
C([*:1])[*:2]>>O=C(NCC[*:2])[*:1],44,921
n1oc([*:1])nc1[*:2]>>n1oc([*:2])nc1[*:1],44,922
O=C(N[*:1])N[*:2]>>O=C(C[*:1])N[*:2],44,923
C(N[*:1])[*:2]>>C(N[*:2])[*:1],44,924
CCO[*:1]>>O=[N+]([O-])[*:1],44,925
O=[N+]([O-])[*:1]>>CCO[*:1],44,926
F[*:1]>>OC[*:1],44,927
O=C(NCC[*:1])[*:2]>>C([*:2])[*:1],44,928
N[*:1]>>CS[*:1],44,929
O=S(=O)(N[*:1])[*:2]>>O=C(C[*:2])N[*:1],44,930
CS[*:1]>>N[*:1],44,931
F[*:1]>>C1CN([*:1])CCO1,44,932
O=C(C[*:1])N[*:2]>>O=C(N[*:1])N[*:2],44,933
O=C(C[*:1])N[*:2]>>O=S(=O)(N[*:2])[*:1],44,934
N#C[*:1]>>CC(C)[*:1],44,935
O=C(N[*:1])O[*:2]>>O=C(N[*:1])[*:2],44,936
C1CN([*:1])CCO1>>F[*:1],44,937
CC(C)[*:1]>>N#C[*:1],44,938
C([*:1])[*:2]>>c1cc(O[*:1])cc([*:2])c1,44,939
c1cc(O[*:1])cc([*:2])c1>>C([*:1])[*:2],44,940
C[*:1]>>NS(=O)(=O)[*:1],43,941
O=C(O[*:1])[*:2]>>C(C[*:2])[*:1],43,942
NS(=O)(=O)[*:1]>>C[*:1],43,943
CN(C)C(=O)[*:1]>>O=C(O)[*:1],43,944
O=C(N[*:1])[*:2]>>O=C(NC[*:2])N[*:1],43,945
O=C(O)[*:1]>>CN(C)C(=O)[*:1],43,946
CCO[*:1]>>c1ccc([*:1])cc1,43,947
c1ccc([*:1])cc1>>CCO[*:1],43,948
CN(CC[*:1])[*:2]>>C(C[*:1])[*:2],43,949
C(C[*:1])[*:2]>>O=C(O[*:2])[*:1],43,950
C1CCN([*:1])C1>>C[*:1],43,951
C(C[*:1])[*:2]>>CN(CC[*:1])[*:2],43,952
C[*:1]>>C1CCN([*:1])C1,43,953
CC[*:1]>>COC(=O)[*:1],43,954
COC(=O)[*:1]>>CC[*:1],43,955
c1ccc(C[C@@H]([*:1])[*:2])cc1>>c1ccc(C[C@H]([*:1])[*:2])cc1,43,956
c1cc(C[*:1])cc(O[*:2])c1>>c1cc([*:2])ccc1C[*:1],43,957
c1cc([*:1])ccc1C[*:2]>>c1cc(C[*:2])cc(O[*:1])c1,43,958
c1ccc(C[C@H]([*:1])[*:2])cc1>>c1ccc(C[C@@H]([*:1])[*:2])cc1,43,959
n1n[nH]c([*:1])n1>>O=C(O)[*:1],43,960
CC(C)(C)[*:1]>>N#C[*:1],43,961
N#C[*:1]>>CC(C)(C)[*:1],43,962
O=C(OC[*:1])[*:2]>>C(C[*:2])[*:1],43,963
O=C(O)[*:1]>>CCC[*:1],43,964
C(C[*:1])[*:2]>>O=C(OC[*:2])[*:1],43,965
CCC[*:1]>>O=C(O)[*:1],43,966
FC(F)(F)O[*:1]>>N#C[*:1],43,967
O=C(NC[*:1])N[*:2]>>O=C(N[*:2])[*:1],43,968
N#C[*:1]>>FC(F)(F)O[*:1],43,969
O=C(O)[*:1]>>n1n[nH]c([*:1])n1,43,970
CCN(C[*:1])[*:2]>>C1CN([*:2])CCN1[*:1],43,971
C1CN([*:1])CCN1[*:2]>>CCN(C[*:2])[*:1],43,972
C(C[*:1])N([*:2])[*:3]>>C(C[*:1])N(C[*:2])[*:3],42,973
C1CN([*:1])CCO1>>CN(C)C[*:1],42,974
O([C@@H]([*:1])[*:2])[*:3]>>O([C@H]([*:1])[*:2])[*:3],42,975
C(C[*:1])N(C[*:2])[*:3]>>C(C[*:1])N([*:2])[*:3],42,976
CN(C)C[*:1]>>C1CN([*:1])CCO1,42,977
CCN(CC)[*:1]>>C[*:1],42,978
CCN(CC)[*:1]>>CO[*:1],42,979
C(N([*:1])[*:2])[*:3]>>C(N(C[*:3])[*:1])[*:2],42,980
C(N([*:1])[*:2])[*:3]>>O=C(N([*:1])[*:2])[*:3],42,981
O=C(CC[*:1])NC[*:2]>>O=C(NC[*:2])[*:1],42,982
O=C(NC[*:1])[*:2]>>O=C(CC[*:2])NC[*:1],42,983
O=S(=O)(N[*:1])[*:2]>>C(N[*:1])[*:2],42,984
O=C(N([*:1])[*:2])[*:3]>>C(N([*:1])[*:2])[*:3],42,985
C[*:1]>>CCN(CC)[*:1],42,986
C([*:1])[*:2]>>O=C(OC[*:1])[*:2],42,987
C1CN([*:1])CCN1>>C1CCN([*:1])CC1,42,988
C(N(C[*:1])[*:2])[*:3]>>C(N([*:2])[*:3])[*:1],42,989
O=C(OC[*:1])[*:2]>>C([*:1])[*:2],42,990
N([*:1])[*:2]>>O=C(N[*:1])[*:2],42,991
O=C(N[*:1])[*:2]>>N([*:1])[*:2],42,992
CCN(C[*:1])[*:2]>>O([*:1])[*:2],42,993
O([*:1])[*:2]>>CCN(C[*:1])[*:2],42,994
C(N[*:1])[*:2]>>O=S(=O)(N[*:1])[*:2],42,995
c1cc([*:1])c([*:2])cc1C[*:3]>>c1cc([*:2])c([*:1])cc1C[*:3],42,996
c1ccc([*:1])cc1>>NC(=O)[*:1],42,997
NC(=O)[*:1]>>c1ccc([*:1])cc1,42,998
CO[*:1]>>CCN(CC)[*:1],42,999
C1CCN([*:1])CC1>>C1CN([*:1])CCN1,42,1000
